artist,album,track_name,track_id,acousticness,danceability,energy,key,loudness,mode,speechiness,instrumentalness,liveness,valence,tempo,duration_ms,time_signature
Zac Brown Band,The Foundation,Chicken Fried,4dGJf1SER1T6ooX46vwzRB,0.645,0.566,0.713,6,-4.25,1,0.0417,0,0.114,0.807,169.864,238147,4
Eric Church,The Outsiders,Talladega,1TKlBK9cSrM5u4CiL4SETS,0.043,0.586,0.677,1,-8.343,1,0.0294,0.0936,0.0884,0.562,144.001,262280,4
Zac Brown Band,You Get What You Give (Deluxe),As She's Walking Away (feat. Alan Jackson),5qYiVdWxd84wRWGIQ9Hts6,0.474,0.553,0.619,3,-7.101,1,0.0308,0,0.123,0.374,183.91,223827,4
Eli Young Band,Life At Best,Crazy Girl,1nVLAEzhBXMJLR5zAl90Nl,0.000415,0.366,0.651,4,-3.842,1,0.031,0.00526,0.271,0.257,151.343,200707,3
Luke Bryan,Tailgates & Tanlines,Drunk On You,3b7CDTKB0SRTmQ6ytYi5vZ,0.178,0.558,0.872,9,-4.401,1,0.0449,0,0.173,0.472,143.971,213547,4
Luke Bryan,Kick The Dust Up,Kick The Dust Up,4LaKcWRqoZKnN626xheqM2,0.18,0.596,0.858,1,-2.377,1,0.0493,0,0.321,0.819,172.108,192906,4
Tim McGraw,Meanwhile Back At Mama's,Meanwhile Back At Mama's,3f3eGePL5Ec3wh8D6Oc6eh,0.572,0.614,0.677,6,-8.673,1,0.0371,1.92e-05,0.22,0.637,86.476,230867,4
Zac Brown Band,The Foundation,Toes,5kjyiH6but1t2UDXq15aeS,0.655,0.8,0.759,11,-5.398,1,0.0378,0,0.0897,0.821,129.979,262773,4
Toby Keith,Made In America,Made In America,0sl8awl4hoj9cjU2AJqBjl,0.0775,0.482,0.753,9,-4.997,1,0.0367,0,0.105,0.467,172.149,196053,4
Rodney Atkins,It's America,Farmer's Daughter,5rmTFBL85HmVX1Ld3n7e5J,0.221,0.613,0.802,6,-3.407,1,0.0308,0,0.117,0.708,134.01,207053,4
Zac Brown Band,You Get What You Give (Deluxe),No Hurry,020ffiIfWvx5EH9VJ8Dkg2,0.376,0.564,0.531,3,-5.809,1,0.0287,0,0.312,0.407,146.018,226227,4
Zac Brown Band,Uncaged,Goodbye in Her Eyes,3yM53DMMIioxVy7Pha1hD0,0.163,0.4,0.558,3,-7.393,1,0.038,3.76e-06,0.0879,0.376,81.271,324267,4
Zac Brown Band,The Foundation,Whatever It Is,4o8STNAL91xc7EvuvqSKk1,0.443,0.686,0.576,1,-6.632,1,0.0284,1.7e-05,0.212,0.72,83.971,208213,4
Zac Brown Band,The Foundation,Highway 20 Ride,7J06GPr8b6A0zRHTZhah6s,0.551,0.55,0.402,3,-7.195,1,0.0339,1.38e-05,0.105,0.428,76.105,229280,4
Rascal Flatts,Banjo,Banjo,12aB7rJIwjLVxvgZlkZuqG,0.0212,0.633,0.851,2,-6.372,1,0.0362,0,0.172,0.783,101.996,257093,4
Luke Bryan,Crash My Party (Deluxe),Play It Again,6ssBjjX1NrlTkp7vP3zN5t,0.0931,0.508,0.882,11,-3.239,1,0.0652,0,0.0712,0.595,143.936,226867,4
Zac Brown Band,Homegrown,Homegrown,5gnV9rhNQlb6nqFiwQgKVf,0.0279,0.72,0.849,6,-2.246,1,0.0316,0.000169,0.0971,0.956,105.012,205720,4
Kenny Chesney,Greatest Hits,What I Need to Do,203F5fqdu8WK880DM2cqVe,0.432,0.622,0.428,8,-10.146,1,0.0338,1.2e-05,0.119,0.229,77.127,244293,4
Brad Paisley,Part II,I'm Gonna Miss Her,4ipZsAA3YuqCDSXiPoEGIv,0.55,0.559,0.464,6,-9.687,1,0.0272,0,0.107,0.351,98.354,194307,4
Kenny Chesney,The Big Revival,Don't It,5d2dxii9wphbD8UmkMh9IT,0.479,0.748,0.328,0,-8.693,1,0.0318,3.24e-06,0.112,0.351,131.395,196307,4
Zac Brown Band,Uncaged,Sweet Annie,2PEkXkHKvk4bnC1TgTDCDM,0.171,0.635,0.434,6,-7.986,1,0.0298,1.1e-06,0.106,0.171,139.976,278693,4
Zac Brown Band,"The Grohl Sessions, Vol. 1",All Alright,66GSSL3YTkBqWHDlKg39BT,0.0844,0.439,0.591,8,-5.754,1,0.0273,8.84e-05,0.146,0.482,78.355,264093,4
Luke Bryan,Doin' My Thing,Drinkin' Beer And Wastin' Bullets,4TkVE9FZudrKDdchZNTMqL,0.0126,0.493,0.75,7,-4.748,0,0.0327,1.73e-05,0.097,0.246,131.984,259599,4
Luke Bryan,Tailgates & Tanlines,Muckalee Creek Water,2ureHr8RL277yPUXHJBJPq,0.0829,0.577,0.839,0,-3.535,1,0.0394,1.62e-06,0.0999,0.423,132.063,236293,4
Craig Morgan,That's Why,Bonfire,4PyKicaf5RL5tlidl6ZMO5,0.119,0.426,0.917,0,-2.968,1,0.103,0,0.153,0.506,175.716,179707,4
Zac Brown Band,You Get What You Give,Colder Weather,203lAMNjyNvuFUHXUxh3hI,0.458,0.667,0.381,3,-7.494,1,0.0294,0,0.116,0.199,135.979,273893,4
Zac Brown Band,Uncaged,The Wind,1uBpF7FbFNSNnqCaKJlGuM,0.221,0.688,0.947,6,-4.097,1,0.0544,0,0.284,0.878,136.031,176800,4
Blake Shelton,BRINGING BACK THE SUNSHINE,Sangria,0p1HtkrNYxv0iDfEKwXSTp,0.017,0.646,0.724,9,-6.96,1,0.0265,1.39e-06,0.153,0.54,115.984,233480,4
Dierks Bentley,I Hold On,I Hold On,5MmyCzy1Lc6ywv77f3BZpV,0.0724,0.614,0.713,0,-6.498,1,0.0434,0.000721,0.103,0.215,117.943,279293,4
Luke Bryan,Tailgates & Tanlines,I Don't Want This Night To End,0cV4xwUA4ue2deqq4CZFko,0.0275,0.616,0.728,9,-4.02,0,0.0278,0,0.228,0.375,111.934,219973,4
Eric Church,Give Me Back My Hometown,Give Me Back My Hometown,7AGtAPxCdU1RiGto2XzLFR,0.527,0.613,0.662,1,-7.797,1,0.0294,0.141,0.0778,0.516,104.023,252493,4
Eric Church,Chief,Creepin',2krJlC7MXXpOdPipgc0TaS,0.0389,0.464,0.889,5,-5.042,1,0.0497,0.0272,0.31,0.539,87.858,232720,4
Sam Hunt,Montevallo,Leave The Night On,3wx2kQWPn9p5UppQbNhPAk,0.0951,0.514,0.951,9,-3.813,1,0.0603,0,0.349,0.838,171.96,192160,4
Zac Brown Band,The Foundation,Free,4bWlAEbGHhPKQNjhTstN2p,0.24,0.453,0.412,1,-7.539,1,0.0276,0.00021,0.101,0.282,75.752,228653,4
Jason Aldean,"Old Boots, New Dirt",Tonight Looks Good on You,55wMCY3DdygMCJTViwv4vQ,0.228,0.485,0.748,6,-5.575,0,0.0543,0,0.0946,0.528,169.915,231874,4
Jason Aldean,Wide Open,The Truth,0NwdiZqOIoxVBdqng7Ik7p,0.263,0.485,0.585,9,-5.28,1,0.0259,1.16e-06,0.103,0.346,143.031,238413,4
Eric Church,The Outsiders,The Outsiders,1VN6TvmHTIWvLzBAOmre6P,0.272,0.409,0.8,7,-5.216,1,0.0746,5.29e-05,0.092,0.321,159.943,252893,4
Cole Swindell,Cole Swindell,Chillin' It,0Utg7sirTPqrs6Cx0FbriQ,0.511,0.576,0.849,9,-3.057,1,0.0386,3.89e-05,0.109,0.666,137.982,196747,4
John Denver,"The John Denver Collection, Vol. 1: Take Me Home Country Roads","Take Me Home, Country Roads - Rerecorded",2xYlyywNgefLCRDG8hlxZq,0.546,0.255,0.43,9,-12.564,1,0.0322,1.87e-05,0.188,0.546,164.267,197813,4
Keith Urban,Break On Me,Break On Me,3W5GXbS3ugsYjx1X0xBNbL,0.38,0.62,0.764,8,-6.757,1,0.0314,0.000154,0.112,0.461,86.996,209253,4
Florida Georgia Line,Anything Goes,Confession,6IFPfV8PNSYOmufzQ95hmm,0.106,0.549,0.878,1,-5.066,1,0.0358,6.07e-05,0.176,0.44,104.98,190640,4
Jason Aldean,"Old Boots, New Dirt",Just Gettin' Started,0jLhHqtVjmF50jsk2O6mGw,0.407,0.502,0.804,9,-4.602,0,0.0819,1e-06,0.108,0.488,167.938,195391,4
Zac Brown Band,JEKYLL + HYDE,Beautiful Drug,0vcfOQOvTCv8ckiRs8Xc1Z,0.0539,0.619,0.852,8,-5.243,0,0.0808,2.82e-06,0.124,0.339,125.943,191600,4
Rascal Flatts,Rewind,I Like The Sound Of That,5S5rw0WLVCAux5B5bWCehK,0.257,0.611,0.8,0,-5.61,1,0.0377,0,0.194,0.527,89.974,209280,4
Chris Stapleton,Traveller,Nobody To Blame,4WRRCuJYRq7gUKiupxVH9W,0.0143,0.534,0.666,9,-9.471,1,0.0335,0.0615,0.113,0.59,87.401,244147,4
Blake Shelton,Came Here To Forget,Came Here to Forget,1HwAeValR9dJzAf8Erlv3s,0.334,0.613,0.664,4,-6.835,1,0.0283,1.93e-05,0.11,0.513,130.034,220347,4
Old Dominion,Meat and Candy,Snapback,7I5fYc4qKJddht8Ozhqqdx,0.302,0.687,0.793,5,-3.577,1,0.0333,3.46e-06,0.1,0.673,100.993,206507,4
George Strait,Somewhere Down In Texas,"Oh, What A Perfect Day",5rkECmMbijvkAmISkT5kgh,0.294,0.523,0.424,4,-7.825,1,0.0248,5.6e-06,0.0955,0.147,90.82,209347,3
George Strait,Somewhere Down In Texas,By The Light Of A Burning Bridge,1rI16a6D7FWNDWxqrOLELx,0.0518,0.598,0.761,3,-6.15,1,0.0267,3.73e-06,0.111,0.573,147.125,197853,4
Luke Bryan,Kill The Lights,"Huntin', Fishin' And Lovin' Every Day",6nUKELHbV6Tdj5OuQbksKH,0.129,0.539,0.828,0,-4.302,1,0.0378,1.08e-05,0.12,0.378,76.955,278640,4
Florida Georgia Line,H.O.L.Y.,H.O.L.Y.,19PJf5HzeiVW0mdk82Swmn,0.361,0.526,0.661,7,-3.828,0,0.0333,0,0.087,0.556,78.132,196960,4
Luke Bryan,Kill The Lights,Way Way Back,1EV8rGG6eZIvp7DJ2ravW1,0.0551,0.565,0.926,5,-2.117,0,0.0467,0,0.21,0.869,102.0,199880,4
Jason Aldean,Lights Come On,Lights Come On,596ShP1KQsIzk7dTpJNXJi,0.0594,0.563,0.855,6,-3.715,0,0.0727,0,0.123,0.906,160.113,194253,4
Carrie Underwood,Storyteller,Church Bells,67citk3uzWs5qbaIVKTeg8,0.226,0.575,0.844,3,-1.772,0,0.0633,0,0.0538,0.542,87.007,193333,4
Greg Bates,Greg Bates EP,Lost In Caroline,1eQn7NeVJmUkcwaj8NpHFD,0.0927,0.45,0.536,3,-7.528,1,0.0279,3.57e-06,0.127,0.271,76.031,212533,4
Gabe Dixon,The Gabe Dixon Band,All Will Be Well,64rMBgXnYB3zU2oOvlxrc2,0.662,0.65,0.396,4,-10.379,1,0.0263,0,0.245,0.435,108.962,250120,4
Darius Rucker,True Believers,Wagon Wheel,3xdjjKMcMOFgo1eQrfbogM,0.455,0.537,0.66,9,-7.174,1,0.0296,0,0.135,0.574,148.096,298373,4
Barns Courtney,Glitter & Gold,Glitter & Gold,6bYjclvTLjcmZZC5GhmSFQ,0.306,0.49,0.621,8,-5.294,1,0.0385,0,0.174,0.375,170.516,176413,4
Chris Lane,Girl Problems,Fix,17Vry8h1fUTYg8NL6pHhem,0.0951,0.532,0.883,0,-2.743,0,0.0352,0,0.304,0.7,99.995,190240,4
Luke Bryan,Kill The Lights,Move,6IyyyU9mw12dJsWquT1YR0,0.00787,0.568,0.942,5,-0.711,0,0.0826,0,0.0581,0.786,103.997,227427,4
George Strait,Somewhere Down In Texas,Somewhere Down In Texas,0LaAD3pcKIBQHmm34GwKmE,0.573,0.505,0.448,2,-8.152,1,0.0294,3.23e-06,0.113,0.262,141.231,233347,4
Luke Bryan,Kill The Lights (Deluxe),Home Alone Tonight,0RE8WWlaCQM6M4XHUK3u7b,0.0796,0.501,0.966,8,-1.177,1,0.112,0,0.0903,0.497,161.881,190773,4
Rodney Atkins,Take A Back Road,Take A Back Road,7B6m8tHAYZsOKOKMU5SR2n,0.183,0.581,0.856,3,-4.0,1,0.0783,0,0.0871,0.918,169.902,209427,4
Billy Currington,Summer Forever,It Don't Hurt Like It Used To,0iA1unTbTbDOWUSlbwJ1pS,0.071,0.558,0.818,8,-4.07,1,0.0403,0,0.21,0.453,81.034,184507,4
Brothers Osborne,Stay A Little Longer,Stay A Little Longer,6rqxivjFHp8K0yMiefG56g,0.0414,0.555,0.89,6,-5.533,1,0.0309,0.131,0.147,0.513,96.987,335267,4
Florida Georgia Line,Dig Your Roots,May We All,498ZVInMGDkmmNVpSWqHiZ,0.0409,0.514,0.918,7,-4.306,1,0.0365,0,0.342,0.64,150.033,226173,4
Tim McGraw,Humble And Kind,Humble And Kind,3Rkk851fZjIsglV2jbBPDd,0.693,0.349,0.486,11,-7.232,1,0.0289,1.73e-06,0.122,0.158,101.053,257360,3
Old Dominion,Meat and Candy,Song for Another Time,7px4t7HGiuMUvFkEOpZEwp,0.125,0.498,0.804,11,-3.995,1,0.0332,0,0.167,0.697,166.054,191827,4
George Strait,Here For A Good Time,Here For A Good Time,11OFYsUK9EVJsQ6nutH32M,0.0858,0.596,0.768,6,-6.753,1,0.0369,6.23e-06,0.116,0.532,127.93,180267,4
George Strait,Here For A Good Time,Lone Star Blues,6cmnZZDoNYY9ATQF0V8jLL,0.39,0.517,0.902,4,-4.38,1,0.096,5.92e-06,0.21,0.82,177.984,256533,4
George Strait,Best Of,All My Ex's Live In Texas,3zJx6Prn5RTczaOitzl0cg,0.227,0.763,0.498,9,-9.289,1,0.0289,1.33e-05,0.153,0.707,130.543,197933,4
George Strait,Does Fort Worth Ever Cross Your Mind,Does Fort Worth Ever Cross Your Mind,4h0z94aoK9RAeEyZgqKAHF,0.139,0.735,0.316,0,-17.697,1,0.0349,0.176,0.345,0.442,111.829,195427,4
George Strait,Here For A Good Time,Love's Gonna Make It Alright,1blSBtrZgDJIWQl0BlAyov,0.221,0.707,0.867,4,-5.418,1,0.0339,0.00039,0.268,0.649,110.996,228893,4
Kenny Chesney,Noise,Noise,3tBSdTfZuCzgA2PfQrqKpk,0.0081,0.574,0.803,0,-4.064,1,0.0279,0,0.0789,0.559,109.967,206533,4
Lonestar,The Greatest Hits,My Front Porch Looking In,4OWJOagnbFQepAwoKbW0HN,0.0531,0.276,0.876,5,-3.507,1,0.0766,0,0.258,0.499,205.576,223200,4
Chris Stapleton,Traveller,Parachute,5jROdl6MhcmP3O7h2sVgtw,0.00967,0.642,0.762,6,-7.411,1,0.0296,5.72e-05,0.182,0.605,113.038,253200,4
Chris Young,A.M.,Who I Am With You,4u7KjVIQPdzGCcAwg4W5Kl,0.0983,0.466,0.702,0,-4.308,1,0.032,1.29e-05,0.242,0.47,150.309,191573,4
Tim McGraw,Number One Hits,Something Like That,1zG6cEmeo4rv7Old8XD7vC,0.378,0.507,0.85,5,-5.679,1,0.0472,0,0.0567,0.847,171.8,183733,4
Tracy Byrd,Ten Rounds,Ten Rounds with Jose Cuervo - Recall Mix,26J61MmE6YCWqIyROZdEgL,0.00504,0.681,0.864,2,-7.839,1,0.0347,0,0.212,0.931,127.079,182453,4
Jon Pardi,California Sunrise,Dirt On My Boots,7f08qp3HROTkfrtNpiYGGo,0.111,0.683,0.796,11,-4.179,1,0.0285,0,0.197,0.531,90.031,201893,4
Brantley Gilbert,Country Must Be Country Wide,Country Must Be Country Wide,7IQXTb8iwn3f4tApxz7U1O,0.0259,0.254,0.764,6,-5.692,1,0.0528,6.17e-06,0.104,0.454,81.289,215800,4
Lee Greenwood,American Patriot,God Bless The U.S.A.,623lYBOJ7bLwh1bu3yeN5V,0.0873,0.299,0.422,5,-9.977,1,0.0285,0,0.182,0.168,67.797,191600,4
Lee Greenwood,American Patriot,Star Spangled Banner,3rEKEnavc5p0z1vwT791CR,0.133,0.286,0.562,3,-8.311,1,0.0321,0,0.116,0.628,84.179,106667,3
Kenny Chesney,Greatest Hits,I Lost It,2k6ahrUpg8CbeTjLocMQJ4,0.23,0.584,0.429,3,-9.289,1,0.028,0,0.0708,0.355,138.884,234160,4
Chris Stapleton,From A Room: Volume 1,Broken Halos,06gD2ZtK3Dzc1BYqWExQJJ,0.134,0.613,0.564,8,-7.085,1,0.0251,1.65e-06,0.0585,0.538,78.388,180907,4
Billy Currington,Enjoy Yourself,Let Me Down Easy,1tZ5C8zI326sIB4kBErdmC,0.361,0.606,0.497,1,-5.005,1,0.0278,0,0.106,0.18,125.059,228493,4
Billy Currington,Best Of,Must Be Doin' Somethin' Right,57i0MaWyZGlWxEvNUxTMZK,0.187,0.485,0.629,9,-3.967,1,0.0263,0,0.0516,0.426,167.733,269667,4
Josh Turner,Your Man,Would You Go With Me,1KhrAWvLIjRlQIJtSTgvsi,0.13,0.605,0.864,6,-5.365,1,0.0292,0.000827,0.113,0.736,122.918,228187,4
Jon Pardi,California Sunrise,Head Over Boots,4ly1QBXEwYoDmje9rmEgC4,0.0763,0.563,0.688,7,-4.474,1,0.0262,0,0.0863,0.622,108.008,202347,4
Jon Pardi,California Sunrise,Heartache On The Dance Floor,0w3Q14i073jLoew1hgJkwD,0.0563,0.596,0.834,9,-4.308,1,0.0474,0,0.0866,0.618,116.0,205200,4
Jon Pardi,California Sunrise,Can't Turn You Down,1Jt7MTekLEgU6NKj0e1kAB,0.276,0.626,0.739,8,-3.722,1,0.0318,0,0.116,0.504,135.851,203880,4
Jon Pardi,California Sunrise,She Ain't In It,1Be8liECvEP5NYZjYvukbI,0.127,0.395,0.674,5,-4.626,1,0.028,3.37e-05,0.332,0.585,185.647,198467,4
LANCO,LANCO - EP,Greatest Love Story,0kdiUZDcLIFw0Buo9r0Q4z,0.38,0.665,0.621,10,-8.571,1,0.0524,0,0.119,0.632,147.975,222400,4
Zac Brown Band,Welcome Home,My Old Man,6OzujJBXwYPxJ7KeqflLtr,0.819,0.64,0.196,4,-11.478,1,0.0267,3.63e-05,0.0978,0.301,143.919,227222,4
Zac Brown Band,Welcome Home,Long Haul,6zzlL20BHOmAsXVCg8Dvxs,0.00837,0.372,0.655,0,-5.809,0,0.0315,1.56e-06,0.0847,0.462,158.757,212107,4
Zac Brown Band,Welcome Home,Your Majesty,1GwZzEwwfaHxBjTaq1tebs,0.137,0.622,0.519,3,-7.971,1,0.0269,0,0.0954,0.496,90.082,222187,4
Zac Brown Band,Welcome Home,All the Best,2qlPUVwqf40yTNzNhZExIE,0.587,0.643,0.145,6,-11.212,1,0.044,0,0.114,0.145,78.057,251760,4
Zac Brown Band,Welcome Home,2 Places at 1 Time,5ROs10PYStfjqWfusjmGZD,0.165,0.33,0.488,8,-7.521,1,0.0335,0,0.114,0.313,171.63,220213,4
Chris Lane,Girl Problems,For Her,6VB64hpnpRNqukYsIX76uo,0.0985,0.491,0.904,6,-4.324,1,0.0344,0,0.183,0.588,150.007,211227,4
Dierks Bentley,Home,Home,6q5nAr2JniAHj1gKheejE0,0.463,0.61,0.69,11,-7.157,1,0.0378,0.0409,0.0842,0.462,118.038,238413,4
Brett Eldredge,Illinois,Wanna Be That Song,1XazlqB4YAtvouCmJPWXlM,0.114,0.518,0.686,9,-4.911,1,0.0313,0,0.114,0.334,144.065,236227,4
Alan Jackson,Good Time,Small Town Southern Man,5ExWY6ojo1Qm3rC7iaEqx2,0.12,0.683,0.438,3,-12.433,1,0.0264,8.49e-06,0.269,0.568,132.951,280267,4
Zac Brown Band,You Get What You Give (Deluxe),Let It Go,5ZRxxnab9kLUqZPzoelgGP,0.406,0.605,0.565,6,-7.411,1,0.0332,1.65e-05,0.0699,0.673,161.991,277280,4
Brad Paisley,5th Gear,Letter to Me,7wqMZWYeBxJt0obQPnF5NX,0.676,0.532,0.492,9,-9.255,1,0.0312,6.12e-05,0.086,0.366,79.242,280827,4
Zac Brown Band,Uncaged,Natural Disaster,5dDHzx8hPaUkdr25COAnXH,0.307,0.643,0.685,3,-6.696,1,0.0869,0,0.102,0.405,143.957,182133,4
Zac Brown Band,JEKYLL + HYDE,Tomorrow Never Comes,2RLxaX5gVSekX9hjnu81DT,0.0268,0.628,0.791,5,-5.423,1,0.031,9.45e-06,0.268,0.558,119.983,238627,4
Colter Wall,Imaginary Appalachia,Sleeping on the Blacktop,3Ozx6IrGdoQyAworJzvBDE,0.822,0.567,0.311,2,-14.464,0,0.0455,0.23,0.11,0.478,83.11,192480,4
Zac Brown Band,JEKYLL + HYDE,I’ll Be Your Man (Song For A Daughter),2lmLsVcc7AadGTL2P7Lzqg,0.544,0.56,0.472,8,-7.995,1,0.0345,1.12e-06,0.0544,0.436,119.712,348893,4
Toby Keith,Honkytonk University,As Good As I Once Was,7G6l2FtQyRhQgYgut2I6i8,0.266,0.68,0.87,5,-4.461,1,0.0393,0,0.109,0.646,119.075,227840,4
George Strait,The Cowboy Rides Away: Live From AT&T Stadium,Cowboys Like Us - Live,7H3vzowKromvISWtOC3HWW,0.571,0.3,0.669,0,-6.014,1,0.0386,0,0.985,0.18,105.947,198200,3
Chris Stapleton,Traveller,Tennessee Whiskey,3fqwjXwUGN6vbzIwvyFMhx,0.205,0.392,0.37,9,-10.888,1,0.0298,0.0096,0.0821,0.512,48.718,293293,4
Midland,Midland - EP,Drinkin' Problem,2cbwF3iVOhzpY7KVzDKWXa,0.0569,0.644,0.741,9,-5.84,1,0.0235,1.12e-06,0.193,0.693,102.007,220987,4
Steve Moakler,Suitcase,Suitcase,68MLLtpHwpFxAgTOFcPziu,0.329,0.587,0.652,7,-5.678,1,0.028,0,0.0946,0.421,152.033,208667,4
Kenny Chesney,Me And You,Me and You,2n8feXSostJLdPSgNuWalW,0.268,0.593,0.331,7,-9.704,1,0.0272,1.57e-05,0.297,0.262,143.423,220333,4
Chris Young,Neon,I Can Take It From There,4elsQHzndSMtjrsbcwnZgf,0.155,0.686,0.816,3,-5.953,1,0.0318,0,0.252,0.871,113.939,158293,4
Brett Eldredge,Brett Eldredge,Haven't Met You,4C6US4nOjRBcVlgjPM8pzk,0.106,0.576,0.662,6,-7.843,1,0.0314,1.79e-05,0.201,0.522,86.975,260067,4
Brett Eldredge,Brett Eldredge,Love Someone,43CFDpciGFDm226POTLEXU,0.218,0.423,0.813,9,-5.011,1,0.0507,1.62e-06,0.0732,0.421,173.995,211720,4
Various Artists,Hannah Montana The Movie,Crazier,5vyxXfD5gLlyPxGZMEjtmd,0.0631,0.452,0.544,4,-5.423,1,0.0277,5.33e-06,0.104,0.158,133.042,191947,3
Brett Eldredge,Brett Eldredge,The Reason,22iS24vqgM9Cq8uQM7niiI,0.265,0.323,0.717,11,-5.579,1,0.0614,0,0.206,0.479,67.994,207373,4
Brett Eldredge,Brett Eldredge,Cycles,78iKx1RaJC4xamPDykihW7,0.561,0.435,0.696,6,-7.541,1,0.0691,0,0.0738,0.346,85.606,209773,4
Brett Eldredge,Brett Eldredge,Castaway,3u7BgwHVQSmx9dTCOQubvH,0.834,0.445,0.227,2,-11.068,1,0.0328,0,0.115,0.195,91.426,181560,4
Jason Aldean,They Don't Know,They Don't Know,5zwKfokZAwe4kz68lEHtUf,0.0207,0.434,0.921,10,-2.248,0,0.0688,0.00209,0.116,0.426,171.945,195307,4
Alabama,The Essential Alabama,Dixieland Delight - Single Edit,1hh3iFX5vVsiD9LMwUlQeh,0.208,0.464,0.405,7,-12.538,1,0.033,1.1e-05,0.0611,0.514,95.852,236427,4
Toby Keith,Shock 'N Y'all,American Soldier,4WygRabom8WGpPb44r40sK,0.157,0.551,0.559,9,-8.238,1,0.0381,1.29e-05,0.0589,0.3,82.009,263333,4
"Hank Williams, Jr.",The Bocephus Box Set,A Country Boy Can Survive,5jVGZTrDusSvwhRDPmZMSB,0.144,0.688,0.459,7,-9.353,1,0.0365,0,0.0816,0.493,75.184,255000,4
Toby Keith,American Ride,American Ride,1vD4DN56ued7pQklJBDesw,0.0889,0.518,0.906,9,-2.845,1,0.0573,0,0.309,0.751,174.099,165693,4
Matt Mason,The Writers Collection Volume One,E,5inrsj7DbDAOOaVrLNll7F,0.0817,0.657,0.736,9,-7.73,0,0.0766,0,0.302,0.378,113.96,228827,4
Jake Owen,Easy Does It,Eight Second Ride,0XjXQDJpajDzCdpazp1562,0.104,0.645,0.843,0,-4.072,1,0.0475,0,0.249,0.534,92.357,187320,3
Justin Moore,Justin Moore,Backwoods,3mSAhPW73pyeKoquI7E8B3,0.0678,0.497,0.932,8,-5.029,1,0.0527,2.5e-06,0.116,0.774,157.884,155893,4
Billy Currington,Enjoy Yourself,Pretty Good At Drinkin' Beer,6a7wXoZOARI8IqEXObjhDz,0.427,0.769,0.678,5,-3.725,1,0.0315,8.04e-06,0.0939,0.581,106.951,179907,4
Joe Nichols,Greatest Hits,Tequila Makes Her Clothes Fall Off,33AQv3sfvHmtGfYNIJpi96,0.134,0.654,0.745,2,-5.685,1,0.0281,0,0.079,0.679,93.931,187067,4
Maddie & Tae,Start Here,Smoke,4gbzuoPF48bFMhl3T9hMTj,0.302,0.69,0.705,7,-4.228,1,0.0288,0,0.0891,0.449,123.934,181467,4
Easton Corbin,All Over The Road,Are You With Me,6z1frj1JhCZhgKzUZUNU31,0.314,0.57,0.499,8,-6.512,1,0.0266,0,0.11,0.0866,147.875,220347,4
Jamey Johnson,That Lonesome Song,In Color,7CNd7rjfVt74TFlcOcnZgN,0.391,0.544,0.404,3,-8.751,1,0.0354,3.98e-06,0.157,0.251,129.518,290680,4
Zac Brown Band,You Get What You Give (Deluxe),Martin,4UDUsHgTcM8gAxpYOE6nuU,0.559,0.637,0.373,3,-9.206,1,0.0282,1.26e-05,0.0943,0.138,135.944,306493,4
Justin Moore,Kinda Don't Care,Somebody Else Will,3n2A6l4UayVe3GGKCvfQWV,0.0353,0.488,0.744,2,-4.284,0,0.131,0,0.0952,0.59,180.007,165173,4
Old Dominion,No Such Thing as a Broken Heart,No Such Thing as a Broken Heart,1JupdHkhDzE4XtrFFe9w6o,0.279,0.655,0.785,8,-4.022,1,0.0697,0,0.116,0.933,171.969,178840,4
Kacey Musgraves,Same Trailer Different Park,Merry Go 'Round,5UDqWOgDdixYMAgAyNbpgh,0.541,0.651,0.466,6,-9.403,1,0.0305,0.0027,0.116,0.326,86.953,206893,4
Jake Owen,American Love,American Country Love Song,0O1x2tRm8ZpfDbcpOWZp7z,0.0457,0.529,0.891,8,-4.36,1,0.043,0,0.0942,0.329,104.031,199747,4
Rascal Flatts,Feels Like Today,Fast Cars And Freedom,0CKba2KBPP9TFbh5Nf8i4P,0.0135,0.616,0.824,3,-4.842,0,0.03,2.13e-05,0.108,0.623,117.954,262187,4
Dustin Lynch,Small Town Boy,Small Town Boy,76lgcpdPtw5hHu3A6LuGZe,0.0251,0.554,0.743,9,-6.016,1,0.0287,0,0.359,0.673,72.997,205733,4
Blake Shelton,BRINGING BACK THE SUNSHINE,Lonely Tonight (feat. Ashley Monroe),1zbcFS5hS92oXNL3UZDfY0,0.0581,0.41,0.747,5,-4.964,1,0.0358,0,0.0983,0.369,158.064,218040,4
Lee Brice,Hard 2 Love,I Drive Your Truck,6aPc6SSWgTsiXrrUpJCPlj,0.0978,0.51,0.649,11,-6.215,1,0.0348,0.00206,0.119,0.118,141.963,234840,4
Luke Bryan,Crash My Party,Drink A Beer,1PoGWZbJPGmViVi7CYbDUK,0.836,0.483,0.431,8,-7.656,1,0.0343,5.19e-05,0.199,0.296,78.26,202627,4
Jon Pardi,Up All Night,Up All Night,3yYTDppf1ycYtpPuX46xQh,0.152,0.554,0.702,9,-4.972,1,0.0284,0,0.138,0.467,163.003,212427,4
Luke Bryan,Crash My Party (Deluxe),Roller Coaster,51ySuLraP9Oirk2XHwQnTA,0.027,0.601,0.793,8,-4.459,1,0.0356,6.88e-05,0.163,0.296,107.987,259080,4
Brett Young,Brett Young,In Case You Didn't Know,10M2Ex445zw585Ducldzkw,0.386,0.607,0.536,10,-7.306,1,0.0305,0,0.102,0.434,147.986,224853,4
Maren Morris,HERO (Deluxe Edition),I Could Use a Love Song,09iyGiljLWRYXdRazFkdtJ,0.214,0.638,0.634,6,-6.474,1,0.0468,0,0.0866,0.473,92.097,196422,4
Little Big Town,The Road To Here,Boondocks,3duP6mBVDsHM8ioN7o7dAK,0.211,0.41,0.78,9,-5.391,1,0.0332,0,0.48,0.695,88.016,272347,4
Kane Brown,Kane Brown,What Ifs (feat. Lauren Alaina),7zVCrzzEJU7u24sbJPXA5W,0.00898,0.612,0.799,10,-4.603,1,0.0275,0,0.172,0.687,125.976,188253,4
Cole Swindell,You Should Be Here,Stay Downtown,54EWDYWhs4w6SODnxabuoh,0.00275,0.336,0.758,5,-4.187,1,0.0451,0,0.189,0.236,77.807,201867,4
Dylan Scott,Hooked,Hooked,6LF5IVPG7xBcvPgI6Bfcsl,0.0362,0.597,0.721,9,-6.422,1,0.0356,0,0.0832,0.437,132.054,149293,4
Jon Pardi,California Sunrise,Lucky Tonight,1AFbS2NeROIzPmKtrGZ2zT,0.027,0.454,0.627,9,-4.362,1,0.0342,0,0.0869,0.575,179.825,207120,4
Billy Currington,We Are Tonight,Hey Girl,4CcrLWFQY4dRGMbUR59cSp,0.0158,0.548,0.673,1,-5.29,1,0.0268,0,0.0794,0.652,81.947,200533,4
Blake Shelton,If I'm Honest,A Guy with a Girl,5sjIhQzNljMVrDklI91ezp,0.0158,0.552,0.893,0,-4.593,1,0.0383,0,0.105,0.777,163.948,189467,4
Luke Bryan,Light It Up,Light It Up,6znSbsDDFdBZaiucjUGaWy,0.129,0.596,0.935,6,-2.794,0,0.0855,0,0.108,0.678,130.029,177292,4
Jon Pardi,California Sunrise,Cowboy Hat,4HdxI4yrlmN2C9GaMD9mxL,0.204,0.676,0.916,1,-2.52,1,0.0265,0,0.114,0.897,108.002,197893,4
Dustin Lynch,Where It's At,Where It's At,63QCk4cHK1jEdCJsGqOx0D,0.0142,0.557,0.737,3,-5.75,1,0.0476,0,0.314,0.817,158.05,204187,4
Zac Brown Band,The Foundation,Mary,2bmH1RmA0mAxBUqMDfxkk1,0.16,0.637,0.947,4,-5.875,1,0.0457,3.79e-05,0.178,0.805,144.99,168000,4
Carrie Underwood,Play On,Cowboy Casanova,41NSrKm33WLGX1xIJgU6Np,0.0328,0.597,0.82,5,-2.529,1,0.0582,0,0.119,0.576,119.969,236787,4
Dustin Lynch,Dustin Lynch,Cowboys and Angels,5ksoJlQJtduEkwQTo7UN7X,0.245,0.355,0.55,10,-5.772,1,0.0285,3.2e-05,0.0979,0.26,73.842,227720,4
Josh Turner,Haywire,Why Don't We Just Dance,2p07VcUwRZ5sru3mJ0JogS,0.42,0.677,0.776,5,-5.933,1,0.0386,0.000689,0.0954,0.642,121.834,192800,4
Billy Currington,Doin' Somethin' Right,Good Directions,7GQjJEwqlp6m5HNWVQd6OR,0.307,0.716,0.72,5,-2.183,1,0.0319,0,0.135,0.464,122.512,215853,4
Josh Turner,Your Man,Your Man,1WzAeadSKJhqykZFbJNmQv,0.337,0.744,0.637,6,-4.483,1,0.0241,0.000222,0.0696,0.785,100.511,211893,4
Luke Bryan,Crash My Party,That's My Kind Of Night,5HGibWoxnkYSkl6mHmAlOE,0.0571,0.661,0.751,7,-2.909,1,0.0481,0,0.105,0.875,109.995,190187,4
Luke Bryan,Tailgates & Tanlines,Country Girl (Shake It For Me),0yD66650JxhqKbW76C2qCo,0.0293,0.645,0.904,2,-4.532,1,0.0462,0,0.0834,0.671,105.97,225560,4
Brett Eldredge,Bring You Back,Don't Ya,3Qe097eJNp9MfpT2PieEw0,0.0566,0.537,0.693,9,-5.256,1,0.0847,0,0.146,0.581,176.004,181210,4
Jason Aldean,Wide Open,Big Green Tractor,4KAzYqfcijCSZa2P3etHoM,0.646,0.623,0.59,4,-5.014,1,0.028,0,0.295,0.579,137.071,204200,4
Easton Corbin,All Over The Road,All Over The Road,6XD3HMATLswheYevIfKkSi,0.0471,0.491,0.841,5,-3.579,1,0.0421,0,0.0886,0.721,199.851,163067,4
Dierks Bentley,Dierks Bentley,What Was I Thinkin',0r8iDf65NHgFgZOGLwj5r8,0.152,0.551,0.825,5,-6.24,0,0.044,6.2e-06,0.0999,0.933,164.857,260827,4
Jason Aldean,Wide Open,She's Country,0PspNrE4MSjr1JeB4OW0jn,0.198,0.553,0.872,1,-2.832,0,0.0782,0,0.0659,0.638,172.138,220573,4
Luke Bryan,Doin' My Thing,Rain Is A Good Thing,1YhFtqwcN138S6ng3MT1nN,0.105,0.622,0.932,11,-4.66,0,0.0498,2.37e-06,0.328,0.519,108.051,176160,4
Brett Eldredge,Brett Eldredge,Somethin' I'm Good At,6DRsEO5yuEGBF87qpyMB4d,0.0453,0.574,0.937,5,-4.34,1,0.112,0,0.242,0.446,103.006,217333,4
Toby Keith,Toby Keith 35 Biggest Hits,I Love This Bar,2EZWdLnLPwL97JcfNlBoM1,0.0274,0.602,0.853,2,-5.362,1,0.0438,0.00828,0.355,0.466,115.047,333453,4
Aaron Lewis,Sinner,Northern Redneck,46ReZjLTWpWQo6U7g3m2Qg,0.0188,0.616,0.756,6,-5.52,1,0.0273,0,0.358,0.609,78.944,219213,4
Alabama,Ultimate Alabama 20 # 1 Hits,Song of the South,4uUwD0uYzIDjKMKQglzmD2,0.189,0.486,0.647,9,-8.066,1,0.0337,0,0.305,0.628,162.218,190747,4
Chris LeDoux,The Ultimate Collection,Copenhagen,4W02EnyovpMTCKw6T744co,0.198,0.647,0.811,2,-6.762,1,0.0418,1.71e-06,0.39,0.965,105.731,163800,4
Frank Foster,Boots on the Ground,Over Anything,4eHYLvkJ9dmzvCl1rmFbmt,0.0418,0.603,0.64,8,-8.281,1,0.127,3.98e-05,0.0769,0.792,184.08,191080,4
Jason Aldean,Jason Aldean,Hicktown,2zSapg6tQtoABTstNHcYde,0.00734,0.697,0.878,6,-3.779,1,0.0351,7.98e-06,0.0971,0.802,121.543,306027,4
Luke Combs,This One's for You,Lonely One,1kPB8bSz6OyYtDR5OOMjbs,0.131,0.495,0.628,8,-5.288,1,0.029,6.77e-06,0.104,0.414,144.944,206107,4
Billy Currington,Summer Forever,Do I Make You Wanna,3I7krC8kr0gFR7P6vInR1I,0.106,0.553,0.747,9,-5.432,1,0.0279,0,0.154,0.521,90.012,234307,4
Chris Janson,Buy Me a Boat,Buy Me a Boat,2WKLUgklz0VDX5bKTZ3eYD,0.319,0.574,0.745,2,-6.663,1,0.0507,0,0.11,0.693,154.042,179078,4
Cole Swindell,You Should Be Here,Middle of a Memory,38gZVjeaeR3gcnCzziAxBm,0.0972,0.531,0.746,11,-4.228,1,0.0329,0,0.102,0.304,139.788,226307,4
Luke Combs,This One's for You,When It Rains It Pours,1mMLMZYXkMueg65jRRWG1l,0.013,0.551,0.801,6,-5.069,1,0.0303,6.03e-06,0.265,0.625,128.027,240760,4
Tim McGraw,Love Story,My Best Friend,3JEPfsHlaIfPsB6I8BY4Sl,0.12,0.444,0.484,9,-8.311,1,0.0289,0,0.135,0.263,147.715,279867,4
Kenny Chesney,Cosmic Hallelujah,All the Pretty Girls,66pxmg3Jhjm09tHoWR1wVR,0.00916,0.612,0.848,6,-3.736,1,0.0368,0,0.366,0.719,120.996,212893,4
Florida Georgia Line,Dig Your Roots,"God, Your Mama, And Me",4VFE6ZNqa8jHAmbYICoAFg,0.318,0.443,0.817,7,-3.729,1,0.0511,0,0.374,0.652,168.1,183413,4
Jason Aldean,They Don't Know,Any Ol' Barstool,4T5Z4mbTe7kuGqgLpaRtTh,0.312,0.536,0.722,4,-4.163,1,0.0284,0,0.117,0.499,143.78,203293,4
Toby Keith,Greatest Hits 2,Beer For My Horses,7pWSdjUXBKksqggB49v0RE,0.302,0.721,0.843,10,-5.106,1,0.0486,0,0.0519,0.819,119.018,210827,4
Brett Eldredge,Illinois,Lose My Mind,1qC0pi9ZH47XDjvaNbg8ch,0.0206,0.68,0.755,6,-5.509,0,0.029,0,0.21,0.824,101.048,155440,4
LOCASH,The Fighters,I Know Somebody,6pyshZbArprWRBXLbYVPO9,0.0356,0.505,0.903,1,-3.699,1,0.037,0,0.127,0.491,88.986,197830,4
Florida Georgia Line,Here's To The Good Times,Here's To The Good Times,7ayDPcMisPI8HpnVrQjcdE,0.0426,0.534,0.933,9,-3.45,1,0.0437,0,0.196,0.583,142.062,250347,4
Florida Georgia Line,Anything Goes,Sippin’ On Fire,0H9Q7Vzu8nYRDBZYKbtU8d,0.00485,0.476,0.92,10,-3.223,1,0.0329,1.15e-05,0.355,0.694,142.952,193640,4
Eric Church,Mr. Misunderstood,Round Here Buzz,52ioLaTnO2J7BWY8UN2n9D,0.0422,0.638,0.441,2,-9.064,1,0.0347,1.33e-05,0.107,0.473,76.078,214627,4
Thomas Rhett,Life Changes,Unforgettable,30MM5jWpUmOxtTNd9Ey5LZ,0.0303,0.661,0.75,7,-5.497,1,0.0314,0.000132,0.0849,0.828,130.077,157080,4
Luke Bryan,Doin' My Thing,Do I,7A5CReD6yWe0rrkJym34QI,0.257,0.581,0.691,9,-5.33,1,0.0333,0,0.11,0.299,137.985,239413,4
Blake Shelton,I'll Name the Dogs,I'll Name the Dogs,2n5ZD87XQ2yvIxGjoYbUmZ,0.163,0.47,0.852,4,-5.874,1,0.0933,2.04e-06,0.281,0.773,168.063,183200,4
Toby Keith,Toby Keith,Should've Been A Cowboy,69ku805AjIcFQh0IfkGohf,0.471,0.619,0.672,7,-7.786,1,0.0356,3.15e-06,0.211,0.694,133.402,211307,4
Tom Petty,Full Moon Fever,I Won't Back Down,7gSQv1OHpkIoAdUiRLdmI6,0.0504,0.765,0.476,7,-13.487,1,0.0329,2.76e-06,0.165,0.965,114.02,178360,4
Florida Georgia Line,Here's To The Good Times,Stay,3grPZ1iQg2tEdh0ZCh3HTt,0.0744,0.494,0.936,1,-2.989,1,0.0418,0,0.148,0.582,141.939,199320,4
Maren Morris,HERO (Deluxe Edition),My Church,1LM5zQv5pBKPyO7rm7Uz6U,0.243,0.517,0.743,9,-4.336,1,0.0363,3.36e-06,0.107,0.664,76.979,197931,4
Luke Bryan,What Makes You Country,What Makes You Country,7GWo0tyrAT1e3TwpxWqFE1,0.0108,0.51,0.947,0,-1.746,1,0.0445,0,0.153,0.749,159.995,235242,4
Dierks Bentley,Black,What The Hell Did I Say,00AxNl4D4jHL2AEf1W55j5,0.000668,0.579,0.804,2,-4.777,0,0.0265,1.19e-06,0.198,0.291,107.985,207333,4
Jana Kramer,I Got the Boy,I Got the Boy,6VZCuvHwk3xmjwgKga0bNi,0.26,0.625,0.569,0,-5.954,1,0.0271,0,0.127,0.361,149.987,201013,4
Brett Eldredge,Brett Eldredge,The Long Way,5vuMtXS5kQ7F0o9V9rG1dG,0.265,0.488,0.637,10,-7.63,1,0.0401,0,0.106,0.23,88.865,208720,4
Various Artists,Patriotic Country,Hey Mr. President,1ZqtvRE2kzW9thbLiLGCKo,0.0229,0.581,0.565,8,-8.699,1,0.0303,1.4e-05,0.0753,0.38,137.951,256893,4
The Warren Brothers,Well-Deserved Obscurity,Runnin Out Of Heroes,6bJlOEsgFuzYG7M4UWW3Vn,0.0963,0.428,0.685,9,-6.613,0,0.0536,3.81e-05,0.501,0.421,175.068,232840,4
Luke Bryan,Most People Are Good,Most People Are Good,6Cn5kaSAgakvu0prxT9qX9,0.163,0.579,0.72,8,-6.185,1,0.029,0,0.139,0.564,150.072,221801,4
Old Dominion,Happy Endings,Written in the Sand,2A69wys3S9uiPSmn6UZWJn,0.593,0.725,0.438,6,-9.602,1,0.0575,0,0.0842,0.76,83.984,184080,4
Craig Morgan,The Journey (Livin' Hits),Redneck Yacht Club,7D0m78AaSLof6onTAXxhRL,0.412,0.505,0.9,7,-3.441,1,0.0461,4.55e-06,0.388,0.683,167.934,224307,4
Eli Young Band,Life At Best,Even If It Breaks Your Heart,0Nu9WA8kEbBWEsay2s8Q0U,0.000159,0.495,0.527,0,-4.742,1,0.0351,0.0163,0.1,0.574,208.067,220520,4
Kenny Chesney,The Big Revival,American Kids,1dgWTMoHwTUnQhOQ8SR5fV,0.0476,0.733,0.589,7,-7.37,1,0.1,5.85e-06,0.0366,0.867,170.097,182960,4
Rodney Atkins,If You're Going Through Hell,Cleaning This Gun (Come On In Boy),292hQrFkBjVmbHRqGVqBta,0.0612,0.514,0.798,2,-3.669,1,0.0494,0,0.104,0.677,145.995,226813,4
Rodney Atkins,If You're Going Through Hell,These Are My People,5jFid6SUnYqohvNvNuZvIz,0.0316,0.558,0.896,0,-3.687,1,0.0545,0,0.528,0.63,90.064,213653,4
Billy Currington,Best Of,Good Directions,7iDDWqSjOa4PNvHQgUFI73,0.322,0.715,0.722,5,-2.533,1,0.0316,0,0.139,0.436,122.479,216133,4
Chris Young,A.M.,Lonely Eyes,2j79NtwxoWDmkiH4MGwdLq,0.0326,0.657,0.674,1,-5.273,1,0.0319,1.88e-05,0.0947,0.336,106.005,217413,4
Big & Rich,Fake ID (feat. Gretchen Wilson),Fake ID (feat. Gretchen Wilson),6dFcL5hsy8dy0RCFx7f5FD,0.0614,0.663,0.956,0,-2.322,1,0.0395,0,0.233,0.73,129.983,203280,4
Jake Owen,Days of Gold,Ghost Town,0bvEKvSwtUFIz3cTo0Otjg,0.118,0.472,0.903,6,-4.678,0,0.0471,1.91e-06,0.13,0.313,79.964,208507,4
Brad Paisley,Mud On The Tires,Mud on the Tires,4AQWKGBWTR7fVuUKxi5sKE,0.343,0.445,0.744,2,-7.978,1,0.0424,6.73e-05,0.167,0.48,185.199,208267,4
Kip Moore,Up All Night,Somethin' 'Bout A Truck,6Ymvlzom4TQeoKqAWsZRD8,0.0697,0.554,0.794,11,-5.417,1,0.035,0,0.63,0.79,176.01,213827,4
Eric Church,Chief,Springsteen,05ZACkzW8YbRq3eFgIfSNB,0.1,0.692,0.809,2,-5.935,1,0.0255,9.77e-05,0.185,0.927,104.023,263387,4
Billy Currington,Little Bit Of Everything,That's How Country Boys Roll,7KnMHRj5xqsOGLv8lGCPa6,0.054,0.677,0.919,2,-3.009,1,0.0344,1.48e-06,0.113,0.902,120.961,224267,4
Billy Currington,Summer Forever,Drinkin' Town With A Football Problem,1vMnUuz3iSTaI1XGwVEJUI,0.00394,0.551,0.898,6,-3.518,1,0.0363,0.000128,0.154,0.445,122.048,253187,4
Kenny Chesney,Cosmic Hallelujah,Trip Around the Sun,3RcFrGu08HvRPCh00iB2kJ,0.0813,0.631,0.779,1,-5.233,1,0.0469,0,0.263,0.684,102.002,173920,4
Luke Bryan,What Makes You Country,Win Life,6x8AqouGYXQvAiQyRF9ujM,0.305,0.523,0.795,8,-4.358,1,0.0649,0,0.134,0.526,182.054,192573,4
Midland,On The Rocks,Make A Little,7nDLdzyh2IDjL77JBmZTiQ,0.124,0.566,0.874,4,-5.164,1,0.0566,0,0.379,0.827,152.039,181533,4
Craig Morgan,My Kind Of Livin',That's What I Love About Sunday,1fmi1hOBtH8xfUiWz4LVtE,0.479,0.6,0.56,8,-6.311,1,0.0325,0,0.111,0.417,139.469,201493,4
Cole Swindell,The Ones Who Got Me Here,The Ones Who Got Me Here,0J37AgMaW18OsbIUwoZw6H,0.258,0.525,0.618,9,-7.469,1,0.0353,0,0.0733,0.426,140.207,199427,4
Barns Courtney,The Dull Drums - EP,Glitter & Gold,1aJtyIMev4kW8IMUxOjn1Y,0.345,0.487,0.626,1,-5.087,1,0.0383,0,0.197,0.352,170.002,176147,4
Bebe Rexha,All Your Fault: Pt. 2,Meant to Be (feat. Florida Georgia Line),7iDa6hUg2VgEL1o1HjmfBn,0.047,0.643,0.783,10,-6.458,1,0.0856,0,0.083,0.579,154.084,163870,4
Tyler Farr,Suffer in Peace,A Guy Walks Into a Bar,16PNN9wK1LbedzcTp7y8y0,0.083,0.428,0.78,0,-3.472,1,0.0373,0,0.115,0.431,147.986,196000,4
Old Dominion,Happy Endings,So You Go,6arn3YlMbdbCNNYE2pddI0,0.451,0.54,0.676,3,-5.371,1,0.0424,3.83e-05,0.132,0.377,140.014,166640,4
Florida Georgia Line,Florida Georgia Line,Simple,4P92FrvmYQSAfOpp4cpFEi,0.0848,0.375,0.889,3,-3.704,1,0.0991,0,0.136,0.881,199.669,185200,4
Jason Aldean,Rearview Town,Drowns The Whiskey (feat. Miranda Lambert),2dwoqUYTy6SOy1dFqcTndC,0.294,0.552,0.698,8,-4.817,1,0.0306,0.000103,0.0905,0.6,90.006,202067,4
Luke Combs,Beautiful Crazy,Beautiful Crazy,4Qx06Fzsepmdz2NGSWfZck,0.676,0.552,0.402,11,-7.431,1,0.0262,0,0.0928,0.382,103.313,193200,4
Darius Rucker,When Was The Last Time,Story To Tell,4Av6XKEJEIb5vgA9348xoc,0.0222,0.587,0.806,8,-5.444,1,0.0425,0,0.0707,0.775,85.13,197187,4
Waylon Jennings,Nashville Rebel,"Mammas, Don't Let Your Babies Grow Up to Be Cowboys",1gKSpFpX3poa17WIAyFVsp,0.614,0.592,0.422,9,-11.549,1,0.0332,0.0015,0.158,0.536,94.597,153200,3
Conway Twitty,Hello Darlin' 15 #1 Hits,I Can't See Me Without You,1StJtBax6Si7zak1kgxwoo,0.635,0.646,0.209,4,-14.558,1,0.0284,0,0.0932,0.387,90.916,157827,3
Trace Adkins,Songs About Me,Arlington,1IdQeHmLig1Flat8nHkGo4,0.627,0.43,0.448,10,-7.345,1,0.0349,9.07e-06,0.136,0.343,76.755,247333,3
George Strait,Somewhere Down In Texas,Texas,6PfNhcTuMItHBwVMaLTF9B,0.378,0.554,0.547,5,-6.511,1,0.0256,0.000251,0.0928,0.342,150.237,183973,4
Thomas Rhett,Life Changes,Leave Right Now,0wyja8xD9cNhDtfuY0dVMP,0.00662,0.515,0.587,4,-7.136,1,0.0383,0,0.14,0.361,148.044,195667,4
Midland,Spotify Singles,Tougher Than The Rest - Recorded At Sound Stage Studios Nashville,76v3BntynHQflWb5ptBgV4,0.0494,0.6,0.496,5,-9.594,1,0.0247,0.0016,0.256,0.516,100.511,232373,4
Midland,Spotify Sessions,Texas Is The Last Stop - Live From Spotify House SXSW 2016,68TZCp4xLC0JOYOoZRm1PO,0.136,0.497,0.954,5,-2.836,1,0.0807,0,0.324,0.576,114.683,244387,4
Keith Anderson,Pickin' Wildflowers,Pickin' Wildflowers,6MoyiRPmFwVnkhaZhkyksG,0.0353,0.561,0.716,8,-3.341,1,0.0291,0,0.122,0.667,152.089,185920,4
Joe Nichols,Greatest Hits,Brokenheartsville,007n10xGvSbc7dKgAORVIq,0.126,0.458,0.677,10,-4.327,1,0.031,0.000587,0.0944,0.488,208.056,231347,4
Kings of the River,The Favorites of Garth Brooks,Friends in Low Places,3YfgxICmLEzoM87JX9MR5a,0.246,0.783,0.621,9,-7.816,1,0.0283,9.19e-06,0.0753,0.678,106.998,229956,4
Thomas Rhett,Life Changes,Sweetheart,6BSLkNSWTWzaC2wbBlD2QI,0.0213,0.606,0.713,0,-6.472,0,0.0244,1.98e-06,0.358,0.811,108.987,205267,3
Lee Brice,I Don't Dance (Deluxe Edition),I Don't Dance,5aj0xPGiEUN3aI2oOYu14S,0.399,0.587,0.559,1,-7.742,1,0.0321,6.69e-06,0.0992,0.19,92.036,221173,4
Kenny Chesney,Everywhere We Go,You Had Me from Hello,3NJn7p1nrI3R8alivEMPwB,0.508,0.595,0.393,2,-9.909,1,0.0292,0,0.153,0.2,137.744,230827,4
George Strait,Love Is Everything,I Got A Car,4Fpq4QkR06QRDkujBUk0JY,0.332,0.602,0.631,4,-7.371,1,0.033,0,0.12,0.472,138.389,272267,4
Morgan Wallen,If I Know Me,The Way I Talk,2uKpzT2E2gid82Tka9xK4n,0.0498,0.604,0.879,4,-3.389,1,0.0323,0,0.0936,0.765,137.993,208280,4
Billy Currington,Summer Forever,Wake Me Up,1ayRqc7FrXbRnFxwDIPm7H,0.0366,0.586,0.781,11,-4.586,0,0.0321,0,0.359,0.462,112.957,217627,4
Kenny Chesney,Just Who I Am: Poets & Pirates,Got A Little Crazy,1wvfh9nzwgaiqms1dF5UpM,0.0491,0.522,0.797,1,-6.854,0,0.0508,0.00237,0.143,0.649,183.997,242627,4
Tim McGraw,Let It Go,If You're Reading This,3opmoDn4nG2eZWPjI8B7Bg,0.823,0.305,0.304,11,-8.383,1,0.0285,0,0.67,0.341,145.49,252720,4
Darius Rucker,Learn To Live,It Won't Be Like This For Long,4gzeYkzuzxuzAUTsGcdjqA,0.335,0.584,0.524,4,-6.001,1,0.0287,0,0.11,0.389,143.863,219000,4
Blake Shelton,Blake Shelton,Ol' Red,5wane5dFpp8xgriui6y0c7,0.146,0.664,0.556,10,-7.713,1,0.0365,3.91e-06,0.113,0.494,75.049,221267,4
Dylan Scott,Dylan Scott (Deluxe Edition),Hooked,3DV49ruvI5Sl6iisPZAc2c,0.0362,0.597,0.721,9,-6.422,1,0.0356,0,0.0832,0.437,132.054,149293,4
Dierks Bentley,"Woman, Amen","Woman, Amen",4YX7OBp0yoMwC6eZNNg5ky,0.00101,0.563,0.772,5,-6.737,1,0.0593,1.95e-05,0.214,0.394,119.909,180243,4
Dierks Bentley,The Mountain,You Can't Bring Me Down,1Ov9aXTcZomQ8wUmgns3Ul,0.0059,0.558,0.862,5,-7.418,0,0.0347,0.00504,0.0829,0.796,87.019,286293,4
Cody Johnson,Cowboy Like Me,Never Go Home Again,0CWFczodn19J8r9dftuMMH,0.434,0.429,0.675,4,-5.296,0,0.0463,0,0.186,0.418,168.003,252147,4
Thomas Rhett,Life Changes,Life Changes,4Vxu50qVrQcycjRyJQaZLC,0.1,0.687,0.845,7,-4.37,1,0.0576,0,0.0452,0.809,87.972,190227,4
Old Dominion,Meat and Candy,Break Up with Him,5ZManJDV3CexO66nRCkdiV,0.0675,0.617,0.632,8,-5.381,1,0.0371,0,0.108,0.564,151.988,207733,4
Luke Combs,This One's for You,One Number Away,4gB7HrYHbJVJ5RFOjxmoq4,0.00585,0.544,0.781,6,-6.16,0,0.0311,0,0.191,0.527,144.075,221800,4
John Michael Montgomery,Letters From Home,Letters from Home,15cGdiAHmezm0P04jVAjMo,0.367,0.644,0.626,0,-7.243,1,0.0258,5.78e-06,0.155,0.388,128.029,267533,4
Aaron Lewis,Sinner,Sinner,34jUlISPpEYnJqzPc7B7Sh,0.036,0.489,0.781,8,-5.278,1,0.0332,0.000292,0.0866,0.428,78.991,211147,4
Logan Mize,Pawn Shop Guitar - EP,Can't Get Away from a Good Time,5A8DxtqDRSfsCDC10GuRyr,0.147,0.433,0.908,8,-3.834,1,0.061,0,0.412,0.75,169.927,256293,4
George Strait,Love Is Everything,When Love Comes Around Again,3pKvYgR0FtV1D50WjrinFn,0.49,0.704,0.643,3,-7.778,1,0.0244,0.00078,0.101,0.785,114.238,211853,4
Kane Brown,Kane Brown (Deluxe Edition),Heaven,1HXy5I3HTWq8OvxCn0z7G7,0.263,0.677,0.556,9,-6.544,1,0.0306,0,0.105,0.521,80.009,179507,4
Thomas Rhett,Life Changes,Marry Me,0OWZFobGSIW9GrSlQ9C5pc,0.0977,0.333,0.412,3,-8.633,1,0.029,0,0.113,0.474,85.028,205453,4
Kenny Chesney,Pirate Song,Pirate Song,4g15qUwKkUuDGT6n2mnjWs,0.29,0.558,0.432,6,-10.125,1,0.0306,0.00191,0.0833,0.143,77.025,258772,4
Dan + Shay,Dan + Shay,Tequila,42fw0rxRO2xbesF6mJfd4Y,0.0312,0.489,0.581,11,-5.731,1,0.0281,0,0.132,0.494,86.016,196747,4
Darius Rucker,"Charleston, SC 1966",I Got Nothin',5SHrrJllBeZqG7wEWZvYSN,0.169,0.554,0.621,9,-5.37,1,0.0325,0,0.086,0.257,147.798,204360,4
The Warren Brothers,Well-Deserved Obscurity,Sell A Lot Of Beer,5PPqR5D1xwCQyOCDGNl54t,0.147,0.483,0.907,7,-5.108,1,0.0472,2.83e-05,0.448,0.543,116.048,242733,4
Old Dominion,Happy Endings,Still Writing Songs About You,4UvCnc0RlAcgDW6Y4yaohn,0.313,0.532,0.732,8,-5.001,1,0.033,3.91e-06,0.285,0.508,76.971,215787,4
Jason Aldean,Rearview Town,You Make It Easy,6EGAfJaLUFzhS4zRBIEQ2J,0.143,0.375,0.574,7,-5.305,1,0.0315,0,0.11,0.406,132.025,196800,3
Lee Brice,Lee Brice,Rumor,56eGOeSsqdg3FLxdo83TwV,0.749,0.655,0.56,9,-6.857,1,0.0486,0,0.115,0.599,140.975,198440,4
Morgan Wallen,The Way I Talk,Whiskey Glasses,3z08d5wXO54ot89xVQgxqO,0.397,0.612,0.671,6,-4.448,1,0.0276,1.19e-06,0.0984,0.7,149.986,234293,4
Morgan Wallen,If I Know Me,Redneck Love Song,1aXIlYhgcazFUfWpHSEjte,0.397,0.75,0.835,5,-4.848,1,0.0311,0,0.0414,0.924,140.029,189973,4
Morgan Wallen,If I Know Me,Had Me By Halftime,6vpa3yrYS6NAHz7lZzkFw4,0.105,0.49,0.889,6,-2.942,1,0.0363,0,0.167,0.688,144.086,172080,4
Morgan Wallen,If I Know Me,If I Know Me,7sdXnxsqD2gMEit0drCY2r,0.766,0.783,0.605,8,-5.792,1,0.098,7.42e-05,0.109,0.674,100.004,157693,4
Morgan Wallen,If I Know Me,Gone Girl,2PCLvvXiR0VoFjPRBJgPqp,0.286,0.529,0.869,2,-2.655,1,0.0413,1.21e-06,0.0899,0.78,172.073,163453,4
Morgan Wallen,If I Know Me,Talkin' Tennessee,2Q3dIKkcoSvsj7vzzqon5Y,0.571,0.702,0.712,6,-6.671,0,0.0246,0,0.103,0.497,99.992,223880,4
Thomas Rhett,Tangled Up (Deluxe),Star Of The Show,63OQWdXMq0Pe6pRpWY5gO0,0.142,0.695,0.641,7,-5.807,1,0.0261,0,0.131,0.664,101.974,181200,4
Jon Pardi,"The B-Sides, 2011-2014",Rainy Night Song,1F1E5k7UZpbNpByURm6Xgd,0.41,0.524,0.535,2,-6.946,1,0.0306,0,0.141,0.347,147.927,198347,4
Chris Lane,Laps Around The Sun,I Don't Know About You,7acgW25ap5tdsqvmtx2Zyt,0.601,0.594,0.808,1,-5.749,1,0.0615,0,0.119,0.73,144.028,207933,4
Eric Paslay,Eric Paslay,Song About A Girl,5BNgkhr9nadjc1cJGpeJAs,0.349,0.605,0.885,9,-5.592,1,0.0495,0.000287,0.151,0.742,92.055,224960,4
Eric Church,Mr. Misunderstood,Mixed Drinks About Feelings,1EnoCmQSpJaiCyA3Kr87XG,0.516,0.714,0.221,0,-12.929,1,0.032,1.68e-06,0.0937,0.424,135.843,178107,4
Cody Jinks,Adobe Sessions,Loud and Heavy,0SF38KDlXNLJAxbYyOMnCy,0.000531,0.502,0.685,0,-5.847,0,0.0283,1.61e-06,0.0923,0.574,81.978,229928,4
LANCO,Hallelujah Nights,Long Live Tonight,7s4dkWBVbUyMYKlDw9DiTC,0.0662,0.601,0.821,11,-5.672,1,0.043,0,0.111,0.617,111.032,224667,4
Justin Moore,Outlaws Like Me,If Heaven Wasn't So Far Away,0aW7CSfoMBKBzLE7VerHyn,0.0434,0.374,0.657,11,-6.086,1,0.0325,0,0.219,0.376,74.234,223280,4
Darius Rucker,When Was The Last Time,Straight To Hell,408JSy42j9aL8EMO9sPsYb,0.0435,0.578,0.823,5,-4.47,1,0.0342,0,0.767,0.435,115.114,253787,4
Kings of Leon,Come Around Sundown,Back Down South,4AgUbBmuFf2W1V4eYcE8nl,0.0634,0.476,0.619,0,-7.221,1,0.0398,0.00075,0.258,0.154,117.113,241227,4
Cody Johnson,Cowboy Like Me,Me and My Kind,4rW9EUFaMSNVY8JhbqrB6z,0.0835,0.588,0.807,2,-3.426,1,0.0283,0,0.109,0.674,110.014,156200,4
Jon Pardi,"The B-Sides, 2011-2014",Over My Head,32e5GVh5rjRNkWyQuAJ3Xj,0.0145,0.676,0.729,2,-5.109,1,0.0262,0,0.362,0.664,115.565,207947,3
Eric Church,The Outsiders,A Man Who Was Gonna Die Young,4tLNKzcRv95bWCtwNpH4w6,0.951,0.511,0.0971,11,-16.561,1,0.0442,0,0.106,0.397,134.936,193787,4
Craig Campbell,Craig Campbell,Fish,2YfQ9Wb9GJhyezpCwD9lGI,0.163,0.628,0.667,6,-6.282,1,0.0385,0,0.127,0.584,160.01,167680,4
Love and Theft,Love and Theft,Angel Eyes,63w0QA1wiV7QhF9jeiHETF,0.0134,0.656,0.696,8,-5.917,1,0.0261,0,0.0753,0.966,108.015,186627,4
LANCO,Hallelujah Nights,Born to Love You,77a5Eu7lC3tG0Sukt2O91U,0.13,0.659,0.902,7,-6.192,1,0.0296,9.45e-05,0.0574,0.809,124.985,230013,4
Zane Williams,Overnight Success,Little Too Late,5rj1jiNzy1CXpWIt1u9w4a,0.0213,0.58,0.639,8,-6.313,0,0.0243,0.000151,0.203,0.431,108.917,277293,4
Riley Green,Runnin' With An Angel,Runnin' With An Angel,1BWq6vqgF679jaHo3Hb0se,0.012,0.52,0.642,6,-5.907,1,0.0352,0,0.11,0.663,166.104,235693,4
Trent Tomlinson,That's What's Working Right Now,For the Life of Me,0X8S4Kh14IQJc1rLtjUd4O,0.162,0.504,0.759,0,-4.27,1,0.0384,0,0.193,0.413,143.984,221800,4
Zac Brown Band,JEKYLL + HYDE,Young And Wild,0eYuNIcDaPTn9p6iPl8Yoa,0.0865,0.711,0.735,5,-5.241,1,0.0422,0,0.108,0.699,92.032,194747,4
Zac Brown Band,JEKYLL + HYDE,Bittersweet,45ayQ3xzAYAEsJ9toVyQel,0.585,0.511,0.383,1,-8.59,1,0.0377,0.000201,0.365,0.304,160.064,310360,4
Zac Brown Band,JEKYLL + HYDE,Loving You Easy,69XcvSymPaTke2Qb6f3W6P,0.0137,0.721,0.596,1,-3.985,1,0.0275,3.53e-06,0.0671,0.359,98.995,155653,4
Billy Currington,Little Bit of Everything,People Are Crazy,1zAuQNau1L8ItdjYhxeAeq,0.229,0.657,0.714,5,-4.986,1,0.0265,0.000744,0.127,0.361,141.969,232053,4
Tim McGraw,Love Story,Tiny Dancer,7uQG1fOTqbvo3SYOnqm8hj,0.348,0.491,0.665,0,-7.256,1,0.0269,0,0.292,0.442,155.549,309333,4
Luke Bryan,Kill The Lights (Deluxe),"Huntin', Fishin' And Lovin' Every Day",0dbzWSYpMcRtwjI1S7Pkql,0.14,0.543,0.81,0,-4.275,1,0.0368,1.23e-05,0.145,0.395,76.978,278613,4
Luke Bryan,What Makes You Country,Out Of Nowhere Girl,1JcgfeOYbEfYlmAQ8qfE8E,0.125,0.264,0.933,1,-2.803,1,0.231,0,0.107,0.624,193.998,218494,4
Luke Bryan,What Makes You Country,Drinking Again,4CqHMLVJmU5jvU0eCf2jsT,0.00873,0.684,0.937,4,-3.026,1,0.0548,0,0.111,0.872,122.073,225253,4
Thomas Rhett,Tangled Up,T-Shirt,1zWZvrk13cL8Sl3VLeG57F,0.0287,0.634,0.862,2,-5.337,1,0.0376,0,0.0217,0.767,95.989,227693,4
Kenny Chesney,Songs for the Saints,Get Along,6n6OQfBpCgzF9oEg8zhBN7,0.101,0.632,0.804,7,-6.109,1,0.0503,0,0.17,0.35,92.456,199625,4
Brett Young,Brett Young,Like I Loved You,3T6MAweakkNrMYs8jZIWtg,0.196,0.582,0.568,1,-6.051,1,0.0297,0,0.0841,0.64,76.025,207187,4
Thomas Rhett,Life Changes,Craving You,2d48mamATjby7wgPjdrSOQ,0.000854,0.613,0.839,9,-3.799,0,0.0352,0,0.341,0.526,104.975,223627,4
David Lee Murphy,No Zip Code,Everything's Gonna Be Alright,2NEBP8SXEqwZt2PRdPXXuy,0.0721,0.764,0.587,5,-7.002,0,0.0298,6.45e-06,0.094,0.494,89.98,229573,4
Billy Currington,Bring It On Over,Bring It On Over,446Jufq5oOCwOSXbkqq5yD,0.00385,0.705,0.761,0,-4.579,1,0.0298,0,0.186,0.819,99.986,182133,4
Eli Young Band,Fingerprints,Fingerprints,2shYNPrg3s52r8NhQxnF5e,0.00297,0.414,0.938,5,-5.244,1,0.053,0.000901,0.11,0.542,161.917,180987,4
Alec MacGillivray,Bad Day to Be a Bud Light,Bad Day to Be a Bud Light,1wDvwtZ3qzq5kDU76UsEjR,0.0827,0.53,0.701,6,-5.713,1,0.0537,0,0.0872,0.838,173.942,194143,4
Billy Currington,Enjoy Yourself,Bad Day Of Fishin',1wqKqX7OcLDp2bL5c4mM4S,0.548,0.834,0.575,11,-4.683,1,0.0317,0,0.194,0.526,115.977,182880,4
Billy Currington,Enjoy Yourself,Lil' Ol' Lonesome Dixie Town,2cq3v4l1jV9sO8JxF9SvCV,0.0206,0.522,0.969,10,-2.456,0,0.0775,6.87e-06,0.221,0.682,156.016,201667,4
Billy Currington,Enjoy Yourself,Enjoy Yourself,3wQQvI7wSO09CLcMuIXdfo,0.35,0.774,0.772,10,-3.651,1,0.0284,1.01e-05,0.0709,0.722,111.979,179187,4
Midland,On The Rocks,Lonely For You Only,7B9VK5iBDUVZW8o66DyU8f,0.0301,0.594,0.668,2,-7.253,1,0.026,0.00217,0.111,0.431,109.0,230000,4
Midland,On The Rocks,More Than A Fever,5t6GawlTh3qmDpncM495yl,0.0841,0.697,0.863,5,-6.77,1,0.0277,2.06e-06,0.0957,0.928,112.014,222733,4
Midland,On The Rocks,At Least You Cried,6y0mAMhVwWpbqQyWeBWDbp,0.00968,0.536,0.847,7,-5.051,1,0.0403,0.00632,0.318,0.698,123.989,158000,4
Jason Aldean,Rearview Town,Rearview Town,5WA2SHuL5eesmPnYflNzlT,0.023,0.526,0.85,10,-4.47,0,0.0313,0,0.0948,0.338,141.973,184173,4
Dierks Bentley,Black,I'll Be The Moon,0kIlh2nOwIxx4SgoDrRWDG,0.555,0.551,0.549,2,-8.343,1,0.07,0,0.105,0.428,83.86,210600,4
Rodney Atkins,If You're Going Through Hell,Watching You,5OusUgzHz6Ulb3GZT7WUo5,0.105,0.625,0.848,2,-4.008,1,0.0314,0,0.23,0.716,137.993,235427,4
Dan + Shay,Dan + Shay,Speechless,3GJ4hzg4lrGwU51Y3VARbF,0.356,0.616,0.438,1,-5.968,1,0.0298,0,0.24,0.386,135.929,213387,4
Brad Paisley,Part II,Wrapped Around,20dc1jFEG3azMMyvpHj8La,0.093,0.616,0.758,9,-8.43,1,0.0434,0,0.132,0.447,141.495,202933,3
Cody Johnson,Gotta Be Me,Half a Song,4EETgKkkLxXrsrc0q50K1P,0.219,0.462,0.71,2,-6.474,1,0.0364,2.47e-06,0.0924,0.661,197.763,211507,4
Cody Johnson,Cowboy Like Me,Bottle It Up,6zZsGKDtt9wpuuXOSswTYy,0.33,0.51,0.82,1,-3.884,1,0.0669,0,0.648,0.807,166.046,200342,4
Luke Bryan,Tailgates & Tanlines,Kiss Tomorrow Goodbye,4ZF2WDTBVFihfTkxfme8JE,0.0064,0.571,0.937,5,-3.467,0,0.0365,0,0.316,0.584,115.013,203133,4
Brad Paisley,Time Well Wasted,Waitin' On a Woman,3uJggzf2q1lCOl8EiQHFvN,0.0846,0.548,0.617,0,-7.093,1,0.0283,5.09e-05,0.113,0.339,76.371,272587,4
Midland,On The Rocks,Nothin' New Under The Neon,1qX7cD42VEs6zgMIBbFlCO,0.0633,0.698,0.697,2,-7.17,1,0.0236,7.78e-05,0.257,0.766,109.014,226293,4
Midland,On The Rocks,Electric Rodeo,30NNgmydG6afRcPV4PmFW8,0.291,0.562,0.835,0,-5.418,1,0.0324,0,0.417,0.618,114.004,198880,4
Midland,On The Rocks,Out Of Sight,5zRHjnfnJyahARo5ugxHgV,0.0728,0.584,0.854,7,-5.784,1,0.0358,6.55e-06,0.388,0.72,119.056,261827,4
Midland,On The Rocks,Somewhere On The Wind,7kISgr6Y51hKENX23gXu2L,0.0941,0.341,0.839,4,-6.586,1,0.0485,0,0.105,0.606,203.978,200947,4
Morgan Wallen,If I Know Me,Little Rain,7t8U3P4HNu6lH1uj0tlFMi,0.182,0.492,0.835,1,-4.273,1,0.0464,0,0.122,0.694,185.951,207173,4
Morgan Wallen,If I Know Me,Chasin' You,6hoZp0mZLv99KEA6cdvoHy,0.668,0.631,0.589,7,-5.821,1,0.0278,0,0.111,0.487,97.067,205453,4
Cody Johnson,Ain't Nothin' to It - EP,Long Haired Country Boy (feat. The Rockin' CJB),5u1gJ956WPF41Xqhf72d22,0.00228,0.539,0.786,6,-4.884,1,0.0269,1.79e-05,0.121,0.503,88.969,257080,4
Kane Brown,Lose It,Lose It,6GBndDk0OEpDkmKoSBJyyK,0.00261,0.549,0.869,4,-4.905,0,0.0289,1.77e-06,0.29,0.433,91.988,178733,4
The Band Perry,The Band Perry,If I Die Young,4u26EevCNXMhlvE1xFBJwX,0.348,0.606,0.497,4,-6.611,1,0.0277,0,0.275,0.362,130.739,222773,4
Luke Bryan,Doin' My Thing,Welcome To The Farm,3L96dYfVyRBBfsDJJJE0Bl,0.149,0.576,0.869,0,-4.156,1,0.0492,3.81e-05,0.249,0.434,117.996,267440,4
Zac Brown,It Goes On,It Goes On,1V8Z5giZUe70UNPySLTD0N,0.647,0.508,0.513,1,-7.988,0,0.0265,0.000131,0.0828,0.123,89.724,204751,4
Tim McGraw,Tim McGraw And The Dancehall Doctors,Watch The Wind Blow By,6Os7cO6a6UeglnpIKidRjh,0.0924,0.517,0.608,10,-7.206,1,0.0265,0,0.0707,0.506,62.65,276400,5
Cody Johnson,Ain't Nothin' to It - EP,On My Way to You,2D2tZE5XssHge4WrORHHXZ,0.327,0.443,0.538,1,-5.477,1,0.0309,4.61e-05,0.0866,0.245,157.97,213307,4
Brantley Gilbert,The Devil Don't Sleep,The Weekend,48tAdjG4ng2JfECa7OQujk,0.0496,0.511,0.812,6,-4.763,0,0.0464,1.64e-06,0.0829,0.692,81.992,187760,4
Nickelback,Dark Horse,Burn It to the Ground,1jq28NGw6wdtFKx8MBPy6C,0.000247,0.617,0.922,11,-3.474,1,0.0744,0.388,0.363,0.6,132.059,212347,4
Aaron Lewis,Sinner,I Lost It All,4RJbuVAZjEklJQoKoYQAme,0.451,0.694,0.593,1,-5.989,1,0.0265,2.4e-05,0.129,0.469,129.852,234147,3
Aaron Lewis,The Road,75,5nZ1p0NXZwPxF9nDxhVrW3,0.321,0.295,0.46,3,-6.31,1,0.028,0.00373,0.203,0.358,200.104,342000,3
Randy Houser,We Went,We Went,4kYlMWhSOvrg4U6c0RqgEP,0.0892,0.645,0.882,4,-3.752,0,0.0389,0,0.317,0.542,101.972,181987,4
Old Dominion,Happy Endings,Not Everything's About You,2uKRocOusXn7WpHrpvKN7O,0.339,0.458,0.706,3,-4.263,1,0.0405,0,0.0705,0.495,167.968,234520,4
Morgan Wallen,If I Know Me,Not Good At Not,5V4Sx4VKnHwyM6CjZnfce2,0.242,0.557,0.814,11,-3.241,1,0.0325,0,0.114,0.582,143.935,185067,4
Luke Combs,This One's for You Too (Deluxe Edition),"Houston, We Got a Problem",6guWjUuNYziyNXgjFo1IpF,0.0961,0.521,0.762,9,-5.059,1,0.0362,6.15e-06,0.395,0.486,143.866,191987,4
Various Artists,Cars (Original Motion Picture Soundtrack),Find Yourself,3OCS075lQnGG3gOUI0bava,0.598,0.696,0.39,4,-11.192,1,0.0272,0,0.106,0.274,111.706,250333,4
Florida Georgia Line,Dig Your Roots,Dig Your Roots,7wzLu2aumQh8yIdq5B55Fg,0.354,0.459,0.799,7,-4.593,1,0.0417,0,0.339,0.447,139.91,214040,4
George Strait,Strait From The Heart,Amarillo By Morning,4TnUKixNWMfajncgdSwFoi,0.264,0.606,0.361,9,-16.031,1,0.0346,3.39e-05,0.38,0.621,121.059,173467,4
Love and Theft,Whiskey On My Breath,Whiskey On My Breath,2m358h2IMkwHv63OKJhP2Z,0.127,0.62,0.388,2,-8.666,1,0.0283,5.83e-06,0.12,0.283,143.979,279187,4
Logan Mize,Come Back Road,Better Off Gone,6IqUm14MgoKbwt6jdGBikH,0.117,0.672,0.622,5,-7.421,0,0.176,0,0.113,0.561,100.016,182084,4
Florida Georgia Line,Women,Women,0RO3tjH2cfyoGHLynijFcc,0.425,0.368,0.592,6,-4.317,1,0.0385,0,0.0849,0.451,117.988,211507,3
Thomas Rhett,It Goes Like This,Beer With Jesus,38qDc4DgEnnkr9UaRI5owP,0.133,0.523,0.382,8,-8.386,1,0.0274,0,0.11,0.274,77.925,255387,4
Justin Moore,The Ones That Didn’t Make It Back Home,The Ones That Didn’t Make It Back Home,20vIaD2DFOxGqDvN0dlMEH,0.0979,0.537,0.784,3,-4.869,1,0.034,0,0.224,0.468,137.995,191018,4
Florida Georgia Line,Can't Say I Ain't Country,People Are Different,3dIvnXEqvm8drsoCtnWWFw,0.17,0.505,0.837,2,-5.146,1,0.0358,0,0.113,0.623,140.066,214213,4
Scotty McCreery,Seasons Change,This Is It,34DFpyq5NJJ79GnGbbJH3p,0.254,0.557,0.511,8,-6.788,1,0.0291,0,0.099,0.602,156.042,230973,4
Kane Brown,Kane Brown (Deluxe Edition),Granddaddy's Chair,7rQ2kjuqhqyMuYA1IenxrM,0.133,0.687,0.611,5,-6.137,1,0.0262,0,0.256,0.437,139.974,225893,4
Morgan Wallen,Cover Me Up,Cover Me Up,47yypFbq6fu3yUvFoaf2UN,0.236,0.525,0.437,2,-8.285,1,0.0272,7.03e-06,0.121,0.195,127.994,292663,3
Old Dominion,Some People Do,Some People Do,4GQ1I4CgivCwZFjyTz0Y6x,0.858,0.609,0.227,9,-9.459,1,0.0381,0,0.101,0.325,112.466,194267,4
Florida Georgia Line,Anything Goes,Dirt,5CXnIPD6rTjszYYQm6fY2P,0.0638,0.547,0.878,2,-4.224,1,0.0451,7.08e-06,0.106,0.592,121.973,230587,4
Lee Brice,I Don't Dance (Deluxe Edition),Drinking Class,4QAXLB2Hkx3n7LbOFxD34h,0.0886,0.663,0.53,1,-9.763,1,0.0301,0,0.154,0.269,109.003,207347,4
Cole Swindell,You Should Be Here,You Should Be Here,63thx7OANplv4I4BQsanHk,0.0592,0.489,0.641,7,-4.455,1,0.0282,0,0.0857,0.303,136.095,190173,4
Luke Combs,What You See Is What You Get,Dear Today,7j3aRaky6Xr1fpuqmB3s4w,0.603,0.492,0.212,1,-10.662,1,0.036,1.38e-06,0.109,0.372,153.015,219733,4
The Head and the Heart,The Head and the Heart,Rivers and Roads,20svOpmCQao5GUBgSu8zDe,0.699,0.494,0.194,0,-8.965,1,0.0352,2.98e-05,0.0803,0.161,135.753,284000,3
Thomas Rhett,Center Point Road,Dream You Never Had,1HGhRqBz4D53D6VwOlBtCu,0.187,0.467,0.633,7,-5.531,1,0.0286,0,0.181,0.401,129.218,202307,4
Parker McCollum,Probably Wrong,Hell of a Year,7ETfO67HFegBo7uG5yk2MV,0.411,0.656,0.482,0,-8.453,0,0.0303,1.44e-06,0.114,0.188,97.991,232653,4
Alan Jackson,34 Number Ones,Remember When,1nCSr7oGeUv7sUEoYuAJFF,0.709,0.558,0.314,2,-10.623,1,0.0295,0.000319,0.193,0.267,125.59,271280,4
